Store Number,Door Number,Door Barcode,PTS Location,Location
2316,150,21759,A1SS078,ELIZABETHT
8994,151,21703,A1SS030,"CHESTER,MO"
1915,152,21889,A1SS017,QUINCYIL
8430,153,21390,A1SS105,JACKSONVIL
3860,154,22119,A1SS082,MASSILLON
1979,156,21760,A1SS104,MARION
1967,157,22184,A1SS071,MATTOON
6920,158,21637,A1SS012,"ALTON,IL"
2021,159,21484,A1SS014,SEYMOUR
3862,160,22151,A1SS009,PIQUA
8918,161,21344,A1SS027,CRWFRDSVLL
4803,162,21876,A1SS134,PARKERSBUR
3843,163,21927,A1SS039,WASH CRTHS
3867,164,21565,A1SS026,"SPRGFLD,OH"
3889,165,21995,A1SS003,MARYSVILLE
3036,166,21741,A1SS010,KIRKSVILLE
4172,167,21523,A1SS135,UNION TOWN
4802,168,21476,A1SS051,"CHRLSTN,WV"
4801,170,22107,A1SS115,HUNTNGTON
2019,171,21302,A1SS064,"GRNWOOD,IN"
2025,172,21430,A1SS121,JASPER
2317,173,21753,A1SS006,OWENSBORO
3883,174,21937,A1SS128,ZANESVILLE
8433,175,21244,A1SS065,"BRDGPRT,WV"
2002,295,21234,A1SS120,CLRKSVILLE
0721,296,21534,A1SS044,ANTIOCH
3844,297,21423,A1SS131,MILFORD
0720,298,21589,A1SS095,MADISON
3828,299,22054,A1SS070,E COLUMBUS
3854,300,21699,A1SS074,"CNTRVIL,OH"
3034,301,22016,A1SS038,FLORISSANT
0776,302,21769,A1SS037,SMYRNA
3836,303,21383,A1SS079,ORANGE TWP
3888,304,21486,A1SS013,"ASHLAND,OH"
3814,305,21351,A1SS045,XCOUNTY
0745,306,21934,A1SS129,"LEBANON,TN"
4176,307,10688,A1SS113,BETHEL PK
3863,308,10689,A1SS112,HARRISON
3002,309,10690,A1SS133,HANLEY RD
0778,310,10691,A1SS090,NSHVL PKWY
1924,311,10692,A1SS083,FAIRVW HGT
3823,312,10693,A1SS099,W CHESTER
3825,313,10694,A1SS111,WESTERVLLE
2315,314,10695,A1SS048,TURFLAND
3007,315,10696,A1SS016,SUNSETHILL
3830,316,10697,A1SS011,S AKRON
3841,317,10698,A1SS047,FAIRLAWN
3003,318,10699,A1SS036,BRIDGETON
2026,319,10700,A1SS122,GREENFIELD
0733,320,10701,A1SS093,HERMITAGE
0722,321,10702,A1SS124,BELLEVUE
3824,322,10703,A1SS132,MACEDONIA
3032,323,10704,A1SS087,FESTUS
3816,324,10705,A1SS136,BRICE ROAD
2324,325,10706,A1SS075,CRSCNT SPR
2306,326,10707,A1SS126,FLORENCE
6954,327,10708,A1SS081,GROVE CITY
0707,328,10709,A1SS088,MURFRESBOR
3817,329,10710,A1SS127,STRONGSVIL
3872,330,10711,A1SS125,HILLIARD
2010,333,10714,A1SS106,W EVNSVLLE
3033,334,10715,A1SS130,POPLAR BLF
3868,335,10716,A1SS023,LEBANON
2314,336,10717,A1SS019,PADUCAH
2018,337,10718,A1SS008,CASTLETON
2301,338,10719,A1SS061,HURSTBORNE
0732,339,10720,A1SS001,THOMP LANE
3001,340,10721,A1SS053,COLUMBIA
2302,341,10722,A1SS021,DIX HWY
3831,342,10723,A1SS035,SAWMILL
8429,343,10724,A1SS020,TEAYS VALL
3819,344,10725,A1SS097,W BROAD
3022,345,10726,A1SS102,COTTLEVILL
3812,346,10727,A1SS022,BEECHMONT
2305,347,10728,A1SS025,WESTPORT
3009,348,10729,A1SS072,STCHARLES
0734,349,10730,A1SS059,"FRNKLIN,TN"
0735,350,10731,A1SS089,"HNDR,TN"
4156,351,10732,A1SS002,N VERSAILL
1851,352,10733,A1SS091,BELLEVILLE
3887,353,10734,A1SS028,NEWARK
3811,354,10735,A1SS060,CLEVE AVE
2318,355,10736,A1SS086,BWLING GRN
3025,356,10737,A1SS094,WENTZVILLE
4115,357,10738,A1SS073,W MIFF
0723,358,10739,A1SS084,BRENTWOOD
3882,359,10740,A1SS085,WADSWORTH
4129,360,10741,A1SS119,SSTRA/WASH
0726,361,10742,A1SS069,"CLRKSVI,TN"
4160,362,10743,A1SS057,COLLIER
3014,363,10744,A1SS015,ARNOLD
3809,364,10745,A1SS118,CUY FALLS
2017,365,10746,A1SS018,NOBLESVILL
2313,366,10747,A1SS077,ST MATTHEW
3832,367,10748,A1SS123,PLEASNTRDG
3011,368,10749,A1SS066,SOUTHTOWN
2016,369,10750,A1SS116,NEW ALBANY
3855,370,10751,A1SS063,BEAVERCRK
1973,372,10753,A1SS042,EDWARDSVIL
1984,373,10754,A1SS056,CHAMPAIGN
2034,374,10755,A1SS062,"LAFAYET,IN"
3010,375,10756,A1SS024,SOUTH CNTY
3810,376,10757,A1SS098,"CANTON,OH"
2011,377,10758,A1SS046,POST ROAD
3861,378,10759,A1SS007,E HAMILTON
2323,379,10760,A1SS114,COLD SPRG
3857,380,10761,A1SS080,MIAMISBURG
3856,381,10762,A1SS058,TROTWOOD
4126,382,10763,A1SS101,GREENSBURG
3822,383,10764,A1SS117,WEST HILLS
3013,384,10765,A1SS103,FERGUSON
2003,385,10766,A1SS041,EVNSVLLE
3018,386,10767,A1SS100,ELLISVILLE
2037,387,10768,A1SS054,CARMEL
2307,388,10769,A1SS043,PRESTON HW
2014,389,10770,A1SS050,EAGLE CREE
0775,390,10771,A1SS068,"SPRGHLL,TN"
2303,391,10772,A1SS055,LEXINGTON
2012,392,10773,A1SS067,SOUTHPORT
3004,393,10774,A1SS040,MNCHSTR RD
3821,394,10775,A1SS004,FOREST PK
6961,395,10776,A1SS005,COLINSVIL
3037,396,10777,A1SS049,OVERLAND
3885,397,10778,A1SS076,WINCHESTER
3015,398,10779,A1SS052,OFALLON
3813,399,10780,A1SS029,FLDS-ERTEL
